Data de Atualização,ID Produto,Quantidade
1/1/2019,1,432
1/1/2019,2,412
1/1/2019,3,417
1/1/2019,4,438
1/1/2019,5,416
1/1/2019,6,437
1/1/2019,7,428
1/1/2019,8,426
1/1/2019,9,414
1/1/2019,10,436
1/1/2019,11,437
1/1/2019,12,449
1/1/2019,13,430
1/1/2019,14,410
1/1/2019,15,417
1/1/2019,16,415
1/1/2019,17,407
1/1/2019,18,411
1/1/2019,19,406
1/1/2019,20,414
1/1/2019,21,435
1/1/2019,22,414
1/1/2019,23,403
1/1/2019,24,406
1/1/2019,25,400
1/1/2019,26,441
1/1/2019,27,421
1/1/2019,28,441
1/1/2019,29,424
1/1/2019,30,450
1/1/2019,31,422
1/1/2019,32,415
1/1/2019,33,440
1/1/2019,34,416
1/1/2019,35,401
1/1/2019,36,440
1/1/2019,37,444
1/1/2019,38,401
1/1/2019,39,447
1/1/2019,40,405
1/1/2019,41,439
1/1/2019,42,446
1/1/2019,43,437
1/1/2019,44,440
1/1/2019,45,400
1/1/2019,46,433
1/1/2019,47,411
1/1/2019,48,438
1/1/2019,49,402
1/1/2019,50,432
1/1/2019,51,423
1/1/2019,52,401
1/1/2019,53,442
1/1/2019,54,438
1/1/2019,55,407
1/1/2019,56,443
1/1/2019,57,442
1/1/2019,58,422
1/1/2019,59,405
1/1/2019,60,443
1/1/2019,61,412
1/1/2019,62,422
1/1/2019,63,406
1/1/2019,64,432
1/1/2019,65,406
1/1/2019,66,445
2/1/2019,1,402
2/1/2019,2,414
2/1/2019,3,445
2/1/2019,4,435
2/1/2019,5,418
2/1/2019,6,422
2/1/2019,7,418
2/1/2019,8,405
2/1/2019,9,401
2/1/2019,10,449
2/1/2019,11,433
2/1/2019,12,445
2/1/2019,13,421
2/1/2019,14,450
2/1/2019,15,442
2/1/2019,16,433
2/1/2019,17,421
2/1/2019,18,438
2/1/2019,19,432
2/1/2019,20,405
2/1/2019,21,438
2/1/2019,22,440
2/1/2019,23,448
2/1/2019,24,424
2/1/2019,25,439
2/1/2019,26,429
2/1/2019,27,416
2/1/2019,28,418
2/1/2019,29,432
2/1/2019,30,407
2/1/2019,31,410
2/1/2019,32,444
2/1/2019,33,441
2/1/2019,34,427
2/1/2019,35,400
2/1/2019,36,444
2/1/2019,37,400
2/1/2019,38,407
2/1/2019,39,409
2/1/2019,40,450
2/1/2019,41,435
2/1/2019,42,449
2/1/2019,43,429
2/1/2019,44,400
2/1/2019,45,411
2/1/2019,46,433
2/1/2019,47,409
2/1/2019,48,444
2/1/2019,49,406
2/1/2019,50,443
2/1/2019,51,439
2/1/2019,52,420
2/1/2019,53,446
2/1/2019,54,448
2/1/2019,55,416
2/1/2019,56,416
2/1/2019,57,409
2/1/2019,58,438
2/1/2019,59,441
2/1/2019,60,450
2/1/2019,61,429
2/1/2019,62,404
2/1/2019,63,410
2/1/2019,64,409
2/1/2019,65,407
2/1/2019,66,445
3/1/2019,1,425
3/1/2019,2,439
3/1/2019,3,424
3/1/2019,4,403
3/1/2019,5,431
3/1/2019,6,437
3/1/2019,7,450
3/1/2019,8,417
3/1/2019,9,406
3/1/2019,10,412
3/1/2019,11,442
3/1/2019,12,426
3/1/2019,13,411
3/1/2019,14,433
3/1/2019,15,431
3/1/2019,16,424
3/1/2019,17,436
3/1/2019,18,445
3/1/2019,19,447
3/1/2019,20,423
3/1/2019,21,429
3/1/2019,22,409
3/1/2019,23,433
3/1/2019,24,407
3/1/2019,25,425
3/1/2019,26,421
3/1/2019,27,409
3/1/2019,28,433
3/1/2019,29,432
3/1/2019,30,435
3/1/2019,31,449
3/1/2019,32,414
3/1/2019,33,408
3/1/2019,34,405
3/1/2019,35,416
3/1/2019,36,416
3/1/2019,37,403
3/1/2019,38,410
3/1/2019,39,405
3/1/2019,40,440
3/1/2019,41,420
3/1/2019,42,448
3/1/2019,43,409
3/1/2019,44,441
3/1/2019,45,431
3/1/2019,46,406
3/1/2019,47,420
3/1/2019,48,441
3/1/2019,49,409
3/1/2019,50,427
3/1/2019,51,450
3/1/2019,52,417
3/1/2019,53,425
3/1/2019,54,450
3/1/2019,55,430
3/1/2019,56,406
3/1/2019,57,446
3/1/2019,58,443
3/1/2019,59,403
3/1/2019,60,448
3/1/2019,61,428
3/1/2019,62,449
3/1/2019,63,447
3/1/2019,64,449
3/1/2019,65,425
3/1/2019,66,415
4/1/2019,1,424
4/1/2019,2,444
4/1/2019,3,434
4/1/2019,4,449
4/1/2019,5,417
4/1/2019,6,426
4/1/2019,7,409
4/1/2019,8,425
4/1/2019,9,436
4/1/2019,10,424
4/1/2019,11,419
4/1/2019,12,420
4/1/2019,13,450
4/1/2019,14,439
4/1/2019,15,406
4/1/2019,16,443
4/1/2019,17,438
4/1/2019,18,445
4/1/2019,19,404
4/1/2019,20,421
4/1/2019,21,403
4/1/2019,22,446
4/1/2019,23,424
4/1/2019,24,442
4/1/2019,25,418
4/1/2019,26,403
4/1/2019,27,407
4/1/2019,28,416
4/1/2019,29,400
4/1/2019,30,424
4/1/2019,31,416
4/1/2019,32,431
4/1/2019,33,441
4/1/2019,34,446
4/1/2019,35,444
4/1/2019,36,440
4/1/2019,37,412
4/1/2019,38,440
4/1/2019,39,432
4/1/2019,40,435
4/1/2019,41,413
4/1/2019,42,435
4/1/2019,43,409
4/1/2019,44,432
4/1/2019,45,408
4/1/2019,46,413
4/1/2019,47,438
4/1/2019,48,423
4/1/2019,49,444
4/1/2019,50,430
4/1/2019,51,438
4/1/2019,52,422
4/1/2019,53,440
4/1/2019,54,431
4/1/2019,55,413
4/1/2019,56,403
4/1/2019,57,413
4/1/2019,58,433
4/1/2019,59,438
4/1/2019,60,447
4/1/2019,61,414
4/1/2019,62,422
4/1/2019,63,425
4/1/2019,64,411
4/1/2019,65,419
4/1/2019,66,422
5/1/2019,1,433
5/1/2019,2,431
5/1/2019,3,449
5/1/2019,4,418
5/1/2019,5,431
5/1/2019,6,445
5/1/2019,7,420
5/1/2019,8,444
5/1/2019,9,447
5/1/2019,10,422
5/1/2019,11,448
5/1/2019,12,444
5/1/2019,13,446
5/1/2019,14,431
5/1/2019,15,400
5/1/2019,16,441
5/1/2019,17,406
5/1/2019,18,442
5/1/2019,19,411
5/1/2019,20,412
5/1/2019,21,449
5/1/2019,22,419
5/1/2019,23,435
5/1/2019,24,430
5/1/2019,25,427
5/1/2019,26,441
5/1/2019,27,436
5/1/2019,28,445
5/1/2019,29,445
5/1/2019,30,418
5/1/2019,31,407
5/1/2019,32,427
5/1/2019,33,448
5/1/2019,34,421
5/1/2019,35,425
5/1/2019,36,433
5/1/2019,37,408
5/1/2019,38,420
5/1/2019,39,432
5/1/2019,40,406
5/1/2019,41,401
5/1/2019,42,446
5/1/2019,43,438
5/1/2019,44,403
5/1/2019,45,413
5/1/2019,46,411
5/1/2019,47,440
5/1/2019,48,434
5/1/2019,49,406
5/1/2019,50,439
5/1/2019,51,437
5/1/2019,52,404
5/1/2019,53,431
5/1/2019,54,439
5/1/2019,55,407
5/1/2019,56,443
5/1/2019,57,435
5/1/2019,58,403
5/1/2019,59,450
5/1/2019,60,405
5/1/2019,61,438
5/1/2019,62,416
5/1/2019,63,428
5/1/2019,64,407
5/1/2019,65,440
5/1/2019,66,413
6/1/2019,1,414
6/1/2019,2,428
6/1/2019,3,421
6/1/2019,4,418
6/1/2019,5,448
6/1/2019,6,413
6/1/2019,7,418
6/1/2019,8,423
6/1/2019,9,424
6/1/2019,10,419
6/1/2019,11,409
6/1/2019,12,414
6/1/2019,13,410
6/1/2019,14,419
6/1/2019,15,427
6/1/2019,16,419
6/1/2019,17,415
6/1/2019,18,449
6/1/2019,19,413
6/1/2019,20,449
6/1/2019,21,405
6/1/2019,22,408
6/1/2019,23,405
6/1/2019,24,407
6/1/2019,25,425
6/1/2019,26,408
6/1/2019,27,404
6/1/2019,28,407
6/1/2019,29,418
6/1/2019,30,414
6/1/2019,31,400
6/1/2019,32,435
6/1/2019,33,409
6/1/2019,34,449
6/1/2019,35,415
6/1/2019,36,428
6/1/2019,37,431
6/1/2019,38,421
6/1/2019,39,417
6/1/2019,40,429
6/1/2019,41,411
6/1/2019,42,411
6/1/2019,43,442
6/1/2019,44,436
6/1/2019,45,433
6/1/2019,46,428
6/1/2019,47,419
6/1/2019,48,426
6/1/2019,49,435
6/1/2019,50,407
6/1/2019,51,420
6/1/2019,52,425
6/1/2019,53,415
6/1/2019,54,447
6/1/2019,55,401
6/1/2019,56,437
6/1/2019,57,443
6/1/2019,58,442
6/1/2019,59,435
6/1/2019,60,444
6/1/2019,61,406
6/1/2019,62,447
6/1/2019,63,435
6/1/2019,64,442
6/1/2019,65,423
6/1/2019,66,447
7/1/2019,1,409
7/1/2019,2,425
7/1/2019,3,424
7/1/2019,4,415
7/1/2019,5,436
7/1/2019,6,424
7/1/2019,7,408
7/1/2019,8,423
7/1/2019,9,424
7/1/2019,10,436
7/1/2019,11,438
7/1/2019,12,436
7/1/2019,13,428
7/1/2019,14,403
7/1/2019,15,427
7/1/2019,16,427
7/1/2019,17,427
7/1/2019,18,414
7/1/2019,19,430
7/1/2019,20,450
7/1/2019,21,421
7/1/2019,22,414
7/1/2019,23,409
7/1/2019,24,433
7/1/2019,25,450
7/1/2019,26,445
7/1/2019,27,420
7/1/2019,28,437
7/1/2019,29,408
7/1/2019,30,434
7/1/2019,31,436
7/1/2019,32,406
7/1/2019,33,407
7/1/2019,34,416
7/1/2019,35,430
7/1/2019,36,419
7/1/2019,37,418
7/1/2019,38,441
7/1/2019,39,449
7/1/2019,40,411
7/1/2019,41,431
7/1/2019,42,450
7/1/2019,43,432
7/1/2019,44,420
7/1/2019,45,424
7/1/2019,46,449
7/1/2019,47,414
7/1/2019,48,419
7/1/2019,49,404
7/1/2019,50,442
7/1/2019,51,441
7/1/2019,52,414
7/1/2019,53,442
7/1/2019,54,409
7/1/2019,55,414
7/1/2019,56,409
7/1/2019,57,424
7/1/2019,58,450
7/1/2019,59,428
7/1/2019,60,408
7/1/2019,61,405
7/1/2019,62,400
7/1/2019,63,427
7/1/2019,64,418
7/1/2019,65,416
7/1/2019,66,422
8/1/2019,1,410
8/1/2019,2,434
8/1/2019,3,450
8/1/2019,4,413
8/1/2019,5,405
8/1/2019,6,423
8/1/2019,7,443
8/1/2019,8,440
8/1/2019,9,427
8/1/2019,10,427
8/1/2019,11,417
8/1/2019,12,437
8/1/2019,13,445
8/1/2019,14,418
8/1/2019,15,428
8/1/2019,16,414
8/1/2019,17,418
8/1/2019,18,420
8/1/2019,19,418
8/1/2019,20,446
8/1/2019,21,419
8/1/2019,22,412
8/1/2019,23,411
8/1/2019,24,449
8/1/2019,25,400
8/1/2019,26,443
8/1/2019,27,441
8/1/2019,28,400
8/1/2019,29,402
8/1/2019,30,447
8/1/2019,31,424
8/1/2019,32,441
8/1/2019,33,414
8/1/2019,34,443
8/1/2019,35,424
8/1/2019,36,430
8/1/2019,37,448
8/1/2019,38,440
8/1/2019,39,436
8/1/2019,40,404
8/1/2019,41,450
8/1/2019,42,409
8/1/2019,43,447
8/1/2019,44,417
8/1/2019,45,447
8/1/2019,46,449
8/1/2019,47,435
8/1/2019,48,435
8/1/2019,49,441
8/1/2019,50,447
8/1/2019,51,444
8/1/2019,52,431
8/1/2019,53,421
8/1/2019,54,422
8/1/2019,55,405
8/1/2019,56,423
8/1/2019,57,405
8/1/2019,58,405
8/1/2019,59,426
8/1/2019,60,407
8/1/2019,61,421
8/1/2019,62,410
8/1/2019,63,427
8/1/2019,64,429
8/1/2019,65,439
8/1/2019,66,442
9/1/2019,1,427
9/1/2019,2,421
9/1/2019,3,404
9/1/2019,4,433
9/1/2019,5,408
9/1/2019,6,420
9/1/2019,7,417
9/1/2019,8,423
9/1/2019,9,409
9/1/2019,10,404
9/1/2019,11,418
9/1/2019,12,415
9/1/2019,13,407
9/1/2019,14,436
9/1/2019,15,436
9/1/2019,16,407
9/1/2019,17,433
9/1/2019,18,448
9/1/2019,19,450
9/1/2019,20,412
9/1/2019,21,434
9/1/2019,22,426
9/1/2019,23,418
9/1/2019,24,403
9/1/2019,25,423
9/1/2019,26,439
9/1/2019,27,446
9/1/2019,28,406
9/1/2019,29,404
9/1/2019,30,400
9/1/2019,31,404
9/1/2019,32,421
9/1/2019,33,419
9/1/2019,34,450
9/1/2019,35,418
9/1/2019,36,447
9/1/2019,37,400
9/1/2019,38,408
9/1/2019,39,446
9/1/2019,40,437
9/1/2019,41,410
9/1/2019,42,419
9/1/2019,43,449
9/1/2019,44,400
9/1/2019,45,443
9/1/2019,46,444
9/1/2019,47,441
9/1/2019,48,411
9/1/2019,49,429
9/1/2019,50,447
9/1/2019,51,416
9/1/2019,52,435
9/1/2019,53,426
9/1/2019,54,403
9/1/2019,55,410
9/1/2019,56,417
9/1/2019,57,438
9/1/2019,58,445
9/1/2019,59,411
9/1/2019,60,401
9/1/2019,61,423
9/1/2019,62,424
9/1/2019,63,445
9/1/2019,64,409
9/1/2019,65,447
9/1/2019,66,421
10/1/2019,1,410
10/1/2019,2,428
10/1/2019,3,435
10/1/2019,4,404
10/1/2019,5,430
10/1/2019,6,427
10/1/2019,7,448
10/1/2019,8,410
10/1/2019,9,430
10/1/2019,10,415
10/1/2019,11,439
10/1/2019,12,407
10/1/2019,13,434
10/1/2019,14,429
10/1/2019,15,427
10/1/2019,16,447
10/1/2019,17,433
10/1/2019,18,448
10/1/2019,19,443
10/1/2019,20,414
10/1/2019,21,420
10/1/2019,22,402
10/1/2019,23,435
10/1/2019,24,415
10/1/2019,25,407
10/1/2019,26,420
10/1/2019,27,416
10/1/2019,28,420
10/1/2019,29,408
10/1/2019,30,414
10/1/2019,31,448
10/1/2019,32,401
10/1/2019,33,426
10/1/2019,34,409
10/1/2019,35,424
10/1/2019,36,418
10/1/2019,37,417
10/1/2019,38,403
10/1/2019,39,414
10/1/2019,40,429
10/1/2019,41,423
10/1/2019,42,434
10/1/2019,43,427
10/1/2019,44,450
10/1/2019,45,417
10/1/2019,46,404
10/1/2019,47,410
10/1/2019,48,412
10/1/2019,49,402
10/1/2019,50,424
10/1/2019,51,433
10/1/2019,52,432
10/1/2019,53,447
10/1/2019,54,401
10/1/2019,55,421
10/1/2019,56,402
10/1/2019,57,404
10/1/2019,58,416
10/1/2019,59,440
10/1/2019,60,407
10/1/2019,61,417
10/1/2019,62,413
10/1/2019,63,414
10/1/2019,64,432
10/1/2019,65,414
10/1/2019,66,402
11/1/2019,1,408
11/1/2019,2,438
11/1/2019,3,403
11/1/2019,4,441
11/1/2019,5,430
11/1/2019,6,429
11/1/2019,7,405
11/1/2019,8,433
11/1/2019,9,427
11/1/2019,10,446
11/1/2019,11,408
11/1/2019,12,450
11/1/2019,13,414
11/1/2019,14,415
11/1/2019,15,412
11/1/2019,16,412
11/1/2019,17,438
11/1/2019,18,421
11/1/2019,19,433
11/1/2019,20,429
11/1/2019,21,442
11/1/2019,22,413
11/1/2019,23,443
11/1/2019,24,409
11/1/2019,25,430
11/1/2019,26,447
11/1/2019,27,433
11/1/2019,28,416
11/1/2019,29,434
11/1/2019,30,407
11/1/2019,31,449
11/1/2019,32,443
11/1/2019,33,428
11/1/2019,34,449
11/1/2019,35,447
11/1/2019,36,446
11/1/2019,37,445
11/1/2019,38,443
11/1/2019,39,426
11/1/2019,40,441
11/1/2019,41,426
11/1/2019,42,415
11/1/2019,43,418
11/1/2019,44,435
11/1/2019,45,443
11/1/2019,46,401
11/1/2019,47,401
11/1/2019,48,428
11/1/2019,49,446
11/1/2019,50,443
11/1/2019,51,413
11/1/2019,52,444
11/1/2019,53,422
11/1/2019,54,434
11/1/2019,55,425
11/1/2019,56,405
11/1/2019,57,437
11/1/2019,58,429
11/1/2019,59,432
11/1/2019,60,442
11/1/2019,61,443
11/1/2019,62,431
11/1/2019,63,424
11/1/2019,64,428
11/1/2019,65,438
11/1/2019,66,435
12/1/2019,1,428
12/1/2019,2,405
12/1/2019,3,430
12/1/2019,4,411
12/1/2019,5,419
12/1/2019,6,415
12/1/2019,7,436
12/1/2019,8,439
12/1/2019,9,429
12/1/2019,10,410
12/1/2019,11,422
12/1/2019,12,430
12/1/2019,13,422
12/1/2019,14,433
12/1/2019,15,431
12/1/2019,16,420
12/1/2019,17,435
12/1/2019,18,448
12/1/2019,19,427
12/1/2019,20,444
12/1/2019,21,437
12/1/2019,22,404
12/1/2019,23,443
12/1/2019,24,401
12/1/2019,25,430
12/1/2019,26,428
12/1/2019,27,416
12/1/2019,28,421
12/1/2019,29,413
12/1/2019,30,436
12/1/2019,31,445
12/1/2019,32,411
12/1/2019,33,403
12/1/2019,34,418
12/1/2019,35,421
12/1/2019,36,441
12/1/2019,37,431
12/1/2019,38,444
12/1/2019,39,401
12/1/2019,40,437
12/1/2019,41,413
12/1/2019,42,413
12/1/2019,43,407
12/1/2019,44,412
12/1/2019,45,449
12/1/2019,46,438
12/1/2019,47,445
12/1/2019,48,412
12/1/2019,49,417
12/1/2019,50,424
12/1/2019,51,445
12/1/2019,52,404
12/1/2019,53,427
12/1/2019,54,420
12/1/2019,55,443
12/1/2019,56,449
12/1/2019,57,418
12/1/2019,58,429
12/1/2019,59,430
12/1/2019,60,418
12/1/2019,61,401
12/1/2019,62,437
12/1/2019,63,432
12/1/2019,64,435
12/1/2019,65,446
12/1/2019,66,424
1/1/2020,1,470
1/1/2020,2,501
1/1/2020,3,594
1/1/2020,4,472
1/1/2020,5,532
1/1/2020,6,548
1/1/2020,7,402
1/1/2020,8,407
1/1/2020,9,547
1/1/2020,10,446
1/1/2020,11,462
1/1/2020,12,470
1/1/2020,13,591
1/1/2020,14,445
1/1/2020,15,495
1/1/2020,16,544
1/1/2020,17,423
1/1/2020,18,423
1/1/2020,19,572
1/1/2020,20,520
1/1/2020,21,517
1/1/2020,22,584
1/1/2020,23,406
1/1/2020,24,474
1/1/2020,25,437
1/1/2020,26,562
1/1/2020,27,517
1/1/2020,28,522
1/1/2020,29,445
1/1/2020,30,439
1/1/2020,31,431
1/1/2020,32,442
1/1/2020,33,415
1/1/2020,34,480
1/1/2020,35,456
1/1/2020,36,411
1/1/2020,37,511
1/1/2020,38,491
1/1/2020,39,418
1/1/2020,40,581
1/1/2020,41,500
1/1/2020,42,470
1/1/2020,43,506
1/1/2020,44,592
1/1/2020,45,539
1/1/2020,46,572
1/1/2020,47,562
1/1/2020,48,496
1/1/2020,49,454
1/1/2020,50,564
1/1/2020,51,568
1/1/2020,52,497
1/1/2020,53,410
1/1/2020,54,508
1/1/2020,55,587
1/1/2020,56,578
1/1/2020,57,472
1/1/2020,58,536
1/1/2020,59,509
1/1/2020,60,534
1/1/2020,61,549
1/1/2020,62,449
1/1/2020,63,532
1/1/2020,64,436
1/1/2020,65,556
1/1/2020,66,590
2/1/2020,1,484
2/1/2020,2,428
2/1/2020,3,525
2/1/2020,4,455
2/1/2020,5,496
2/1/2020,6,445
2/1/2020,7,536
2/1/2020,8,400
2/1/2020,9,414
2/1/2020,10,587
2/1/2020,11,429
2/1/2020,12,600
2/1/2020,13,411
2/1/2020,14,420
2/1/2020,15,449
2/1/2020,16,556
2/1/2020,17,447
2/1/2020,18,558
2/1/2020,19,567
2/1/2020,20,446
2/1/2020,21,507
2/1/2020,22,561
2/1/2020,23,492
2/1/2020,24,474
2/1/2020,25,496
2/1/2020,26,590
2/1/2020,27,495
2/1/2020,28,554
2/1/2020,29,507
2/1/2020,30,515
2/1/2020,31,482
2/1/2020,32,573
2/1/2020,33,546
2/1/2020,34,472
2/1/2020,35,463
2/1/2020,36,496
2/1/2020,37,433
2/1/2020,38,409
2/1/2020,39,522
2/1/2020,40,436
2/1/2020,41,471
2/1/2020,42,503
2/1/2020,43,412
2/1/2020,44,406
2/1/2020,45,504
2/1/2020,46,527
2/1/2020,47,499
2/1/2020,48,499
2/1/2020,49,469
2/1/2020,50,434
2/1/2020,51,515
2/1/2020,52,482
2/1/2020,53,574
2/1/2020,54,464
2/1/2020,55,508
2/1/2020,56,503
2/1/2020,57,595
2/1/2020,58,404
2/1/2020,59,454
2/1/2020,60,420
2/1/2020,61,497
2/1/2020,62,523
2/1/2020,63,491
2/1/2020,64,510
2/1/2020,65,480
2/1/2020,66,600
3/1/2020,1,405
3/1/2020,2,489
3/1/2020,3,496
3/1/2020,4,452
3/1/2020,5,553
3/1/2020,6,430
3/1/2020,7,524
3/1/2020,8,591
3/1/2020,9,413
3/1/2020,10,589
3/1/2020,11,501
3/1/2020,12,513
3/1/2020,13,527
3/1/2020,14,469
3/1/2020,15,406
3/1/2020,16,500
3/1/2020,17,549
3/1/2020,18,578
3/1/2020,19,484
3/1/2020,20,471
3/1/2020,21,496
3/1/2020,22,502
3/1/2020,23,477
3/1/2020,24,569
3/1/2020,25,491
3/1/2020,26,565
3/1/2020,27,579
3/1/2020,28,414
3/1/2020,29,546
3/1/2020,30,404
3/1/2020,31,428
3/1/2020,32,405
3/1/2020,33,506
3/1/2020,34,577
3/1/2020,35,432
3/1/2020,36,437
3/1/2020,37,446
3/1/2020,38,457
3/1/2020,39,457
3/1/2020,40,516
3/1/2020,41,460
3/1/2020,42,401
3/1/2020,43,449
3/1/2020,44,562
3/1/2020,45,572
3/1/2020,46,569
3/1/2020,47,443
3/1/2020,48,451
3/1/2020,49,460
3/1/2020,50,565
3/1/2020,51,484
3/1/2020,52,540
3/1/2020,53,537
3/1/2020,54,479
3/1/2020,55,476
3/1/2020,56,547
3/1/2020,57,447
3/1/2020,58,474
3/1/2020,59,596
3/1/2020,60,491
3/1/2020,61,448
3/1/2020,62,521
3/1/2020,63,596
3/1/2020,64,554
3/1/2020,65,539
3/1/2020,66,561
4/1/2020,1,452
4/1/2020,2,479
4/1/2020,3,425
4/1/2020,4,494
4/1/2020,5,421
4/1/2020,6,586
4/1/2020,7,590
4/1/2020,8,422
4/1/2020,9,456
4/1/2020,10,447
4/1/2020,11,472
4/1/2020,12,472
4/1/2020,13,591
4/1/2020,14,439
4/1/2020,15,474
4/1/2020,16,403
4/1/2020,17,550
4/1/2020,18,496
4/1/2020,19,404
4/1/2020,20,516
4/1/2020,21,505
4/1/2020,22,479
4/1/2020,23,535
4/1/2020,24,557
4/1/2020,25,506
4/1/2020,26,468
4/1/2020,27,453
4/1/2020,28,532
4/1/2020,29,529
4/1/2020,30,513
4/1/2020,31,572
4/1/2020,32,500
4/1/2020,33,521
4/1/2020,34,460
4/1/2020,35,447
4/1/2020,36,591
4/1/2020,37,459
4/1/2020,38,450
4/1/2020,39,488
4/1/2020,40,419
4/1/2020,41,567
4/1/2020,42,566
4/1/2020,43,498
4/1/2020,44,600
4/1/2020,45,458
4/1/2020,46,467
4/1/2020,47,515
4/1/2020,48,478
4/1/2020,49,478
4/1/2020,50,503
4/1/2020,51,593
4/1/2020,52,590
4/1/2020,53,588
4/1/2020,54,563
4/1/2020,55,536
4/1/2020,56,413
4/1/2020,57,571
4/1/2020,58,423
4/1/2020,59,546
4/1/2020,60,591
4/1/2020,61,427
4/1/2020,62,464
4/1/2020,63,597
4/1/2020,64,589
4/1/2020,65,402
4/1/2020,66,451
5/1/2020,1,522
5/1/2020,2,555
5/1/2020,3,436
5/1/2020,4,430
5/1/2020,5,511
5/1/2020,6,464
5/1/2020,7,409
5/1/2020,8,465
5/1/2020,9,440
5/1/2020,10,412
5/1/2020,11,573
5/1/2020,12,558
5/1/2020,13,449
5/1/2020,14,560
5/1/2020,15,600
5/1/2020,16,426
5/1/2020,17,410
5/1/2020,18,594
5/1/2020,19,438
5/1/2020,20,514
5/1/2020,21,428
5/1/2020,22,537
5/1/2020,23,455
5/1/2020,24,581
5/1/2020,25,470
5/1/2020,26,456
5/1/2020,27,519
5/1/2020,28,599
5/1/2020,29,412
5/1/2020,30,558
5/1/2020,31,511
5/1/2020,32,570
5/1/2020,33,588
5/1/2020,34,501
5/1/2020,35,557
5/1/2020,36,530
5/1/2020,37,553
5/1/2020,38,553
5/1/2020,39,440
5/1/2020,40,554
5/1/2020,41,478
5/1/2020,42,407
5/1/2020,43,540
5/1/2020,44,416
5/1/2020,45,598
5/1/2020,46,439
5/1/2020,47,467
5/1/2020,48,557
5/1/2020,49,546
5/1/2020,50,598
5/1/2020,51,520
5/1/2020,52,512
5/1/2020,53,431
5/1/2020,54,587
5/1/2020,55,495
5/1/2020,56,500
5/1/2020,57,503
5/1/2020,58,484
5/1/2020,59,491
5/1/2020,60,592
5/1/2020,61,460
5/1/2020,62,490
5/1/2020,63,577
5/1/2020,64,534
5/1/2020,65,575
5/1/2020,66,440
6/1/2020,1,547
6/1/2020,2,565
6/1/2020,3,481
6/1/2020,4,472
6/1/2020,5,498
6/1/2020,6,454
6/1/2020,7,491
6/1/2020,8,462
6/1/2020,9,499
6/1/2020,10,421
6/1/2020,11,410
6/1/2020,12,437
6/1/2020,13,433
6/1/2020,14,433
6/1/2020,15,461
6/1/2020,16,505
6/1/2020,17,429
6/1/2020,18,410
6/1/2020,19,564
6/1/2020,20,404
6/1/2020,21,528
6/1/2020,22,547
6/1/2020,23,534
6/1/2020,24,448
6/1/2020,25,588
6/1/2020,26,505
6/1/2020,27,570
6/1/2020,28,421
6/1/2020,29,438
6/1/2020,30,585
6/1/2020,31,428
6/1/2020,32,557
6/1/2020,33,582
6/1/2020,34,518
6/1/2020,35,447
6/1/2020,36,425
6/1/2020,37,422
6/1/2020,38,429
6/1/2020,39,575
6/1/2020,40,469
6/1/2020,41,586
6/1/2020,42,467
6/1/2020,43,599
6/1/2020,44,569
6/1/2020,45,582
6/1/2020,46,456
6/1/2020,47,549
6/1/2020,48,492
6/1/2020,49,423
6/1/2020,50,443
6/1/2020,51,600
6/1/2020,52,462
6/1/2020,53,418
6/1/2020,54,545
6/1/2020,55,591
6/1/2020,56,577
6/1/2020,57,588
6/1/2020,58,413
6/1/2020,59,465
6/1/2020,60,424
6/1/2020,61,507
6/1/2020,62,446
6/1/2020,63,551
6/1/2020,64,523
6/1/2020,65,457
6/1/2020,66,562
7/1/2020,1,510
7/1/2020,2,462
7/1/2020,3,523
7/1/2020,4,598
7/1/2020,5,489
7/1/2020,6,505
7/1/2020,7,569
7/1/2020,8,599
7/1/2020,9,411
7/1/2020,10,499
7/1/2020,11,451
7/1/2020,12,538
7/1/2020,13,490
7/1/2020,14,467
7/1/2020,15,550
7/1/2020,16,481
7/1/2020,17,403
7/1/2020,18,423
7/1/2020,19,426
7/1/2020,20,433
7/1/2020,21,412
7/1/2020,22,520
7/1/2020,23,400
7/1/2020,24,457
7/1/2020,25,407
7/1/2020,26,428
7/1/2020,27,562
7/1/2020,28,540
7/1/2020,29,537
7/1/2020,30,542
7/1/2020,31,479
7/1/2020,32,477
7/1/2020,33,459
7/1/2020,34,545
7/1/2020,35,554
7/1/2020,36,556
7/1/2020,37,569
7/1/2020,38,565
7/1/2020,39,515
7/1/2020,40,550
7/1/2020,41,542
7/1/2020,42,586
7/1/2020,43,507
7/1/2020,44,490
7/1/2020,45,477
7/1/2020,46,488
7/1/2020,47,477
7/1/2020,48,571
7/1/2020,49,477
7/1/2020,50,442
7/1/2020,51,468
7/1/2020,52,526
7/1/2020,53,448
7/1/2020,54,481
7/1/2020,55,548
7/1/2020,56,600
7/1/2020,57,570
7/1/2020,58,475
7/1/2020,59,523
7/1/2020,60,460
7/1/2020,61,574
7/1/2020,62,453
7/1/2020,63,487
7/1/2020,64,563
7/1/2020,65,548
7/1/2020,66,597
8/1/2020,1,545
8/1/2020,2,574
8/1/2020,3,452
8/1/2020,4,425
8/1/2020,5,435
8/1/2020,6,599
8/1/2020,7,550
8/1/2020,8,534
8/1/2020,9,445
8/1/2020,10,421
8/1/2020,11,596
8/1/2020,12,554
8/1/2020,13,485
8/1/2020,14,565
8/1/2020,15,419
8/1/2020,16,484
8/1/2020,17,508
8/1/2020,18,436
8/1/2020,19,473
8/1/2020,20,592
8/1/2020,21,487
8/1/2020,22,412
8/1/2020,23,532
8/1/2020,24,481
8/1/2020,25,531
8/1/2020,26,519
8/1/2020,27,560
8/1/2020,28,596
8/1/2020,29,589
8/1/2020,30,574
8/1/2020,31,415
8/1/2020,32,573
8/1/2020,33,487
8/1/2020,34,443
8/1/2020,35,523
8/1/2020,36,411
8/1/2020,37,531
8/1/2020,38,530
8/1/2020,39,497
8/1/2020,40,424
8/1/2020,41,572
8/1/2020,42,484
8/1/2020,43,456
8/1/2020,44,592
8/1/2020,45,560
8/1/2020,46,459
8/1/2020,47,409
8/1/2020,48,427
8/1/2020,49,403
8/1/2020,50,464
8/1/2020,51,426
8/1/2020,52,446
8/1/2020,53,549
8/1/2020,54,534
8/1/2020,55,532
8/1/2020,56,401
8/1/2020,57,585
8/1/2020,58,432
8/1/2020,59,405
8/1/2020,60,498
8/1/2020,61,409
8/1/2020,62,497
8/1/2020,63,598
8/1/2020,64,476
8/1/2020,65,445
8/1/2020,66,468
9/1/2020,1,457
9/1/2020,2,489
9/1/2020,3,400
9/1/2020,4,526
9/1/2020,5,450
9/1/2020,6,481
9/1/2020,7,408
9/1/2020,8,580
9/1/2020,9,516
9/1/2020,10,597
9/1/2020,11,561
9/1/2020,12,452
9/1/2020,13,515
9/1/2020,14,535
9/1/2020,15,493
9/1/2020,16,573
9/1/2020,17,564
9/1/2020,18,539
9/1/2020,19,509
9/1/2020,20,483
9/1/2020,21,584
9/1/2020,22,504
9/1/2020,23,445
9/1/2020,24,547
9/1/2020,25,415
9/1/2020,26,547
9/1/2020,27,450
9/1/2020,28,576
9/1/2020,29,551
9/1/2020,30,516
9/1/2020,31,472
9/1/2020,32,456
9/1/2020,33,418
9/1/2020,34,576
9/1/2020,35,503
9/1/2020,36,437
9/1/2020,37,461
9/1/2020,38,463
9/1/2020,39,568
9/1/2020,40,461
9/1/2020,41,406
9/1/2020,42,463
9/1/2020,43,417
9/1/2020,44,592
9/1/2020,45,440
9/1/2020,46,525
9/1/2020,47,407
9/1/2020,48,446
9/1/2020,49,577
9/1/2020,50,598
9/1/2020,51,531
9/1/2020,52,528
9/1/2020,53,531
9/1/2020,54,468
9/1/2020,55,441
9/1/2020,56,568
9/1/2020,57,421
9/1/2020,58,582
9/1/2020,59,436
9/1/2020,60,518
9/1/2020,61,515
9/1/2020,62,508
9/1/2020,63,594
9/1/2020,64,600
9/1/2020,65,549
9/1/2020,66,467
10/1/2020,1,438
10/1/2020,2,475
10/1/2020,3,405
10/1/2020,4,531
10/1/2020,5,434
10/1/2020,6,579
10/1/2020,7,458
10/1/2020,8,557
10/1/2020,9,489
10/1/2020,10,513
10/1/2020,11,470
10/1/2020,12,440
10/1/2020,13,512
10/1/2020,14,463
10/1/2020,15,565
10/1/2020,16,451
10/1/2020,17,571
10/1/2020,18,479
10/1/2020,19,518
10/1/2020,20,440
10/1/2020,21,440
10/1/2020,22,490
10/1/2020,23,450
10/1/2020,24,538
10/1/2020,25,515
10/1/2020,26,596
10/1/2020,27,410
10/1/2020,28,512
10/1/2020,29,571
10/1/2020,30,478
10/1/2020,31,554
10/1/2020,32,586
10/1/2020,33,461
10/1/2020,34,593
10/1/2020,35,585
10/1/2020,36,470
10/1/2020,37,491
10/1/2020,38,422
10/1/2020,39,467
10/1/2020,40,537
10/1/2020,41,517
10/1/2020,42,568
10/1/2020,43,409
10/1/2020,44,470
10/1/2020,45,456
10/1/2020,46,420
10/1/2020,47,421
10/1/2020,48,446
10/1/2020,49,492
10/1/2020,50,428
10/1/2020,51,514
10/1/2020,52,467
10/1/2020,53,403
10/1/2020,54,433
10/1/2020,55,571
10/1/2020,56,424
10/1/2020,57,412
10/1/2020,58,421
10/1/2020,59,569
10/1/2020,60,408
10/1/2020,61,556
10/1/2020,62,496
10/1/2020,63,412
10/1/2020,64,591
10/1/2020,65,514
10/1/2020,66,567
11/1/2020,1,447
11/1/2020,2,483
11/1/2020,3,569
11/1/2020,4,410
11/1/2020,5,471
11/1/2020,6,452
11/1/2020,7,573
11/1/2020,8,499
11/1/2020,9,426
11/1/2020,10,483
11/1/2020,11,498
11/1/2020,12,562
11/1/2020,13,521
11/1/2020,14,477
11/1/2020,15,513
11/1/2020,16,479
11/1/2020,17,583
11/1/2020,18,489
11/1/2020,19,450
11/1/2020,20,440
11/1/2020,21,567
11/1/2020,22,527
11/1/2020,23,463
11/1/2020,24,566
11/1/2020,25,472
11/1/2020,26,526
11/1/2020,27,493
11/1/2020,28,482
11/1/2020,29,568
11/1/2020,30,555
11/1/2020,31,591
11/1/2020,32,460
11/1/2020,33,470
11/1/2020,34,434
11/1/2020,35,423
11/1/2020,36,541
11/1/2020,37,486
11/1/2020,38,444
11/1/2020,39,533
11/1/2020,40,509
11/1/2020,41,437
11/1/2020,42,467
11/1/2020,43,556
11/1/2020,44,495
11/1/2020,45,453
11/1/2020,46,442
11/1/2020,47,556
11/1/2020,48,529
11/1/2020,49,525
11/1/2020,50,544
11/1/2020,51,486
11/1/2020,52,467
11/1/2020,53,415
11/1/2020,54,529
11/1/2020,55,524
11/1/2020,56,515
11/1/2020,57,576
11/1/2020,58,590
11/1/2020,59,539
11/1/2020,60,459
11/1/2020,61,571
11/1/2020,62,580
11/1/2020,63,500
11/1/2020,64,433
11/1/2020,65,484
11/1/2020,66,525
12/1/2020,1,442
12/1/2020,2,590
12/1/2020,3,591
12/1/2020,4,434
12/1/2020,5,553
12/1/2020,6,486
12/1/2020,7,458
12/1/2020,8,465
12/1/2020,9,533
12/1/2020,10,508
12/1/2020,11,418
12/1/2020,12,404
12/1/2020,13,505
12/1/2020,14,591
12/1/2020,15,449
12/1/2020,16,456
12/1/2020,17,410
12/1/2020,18,426
12/1/2020,19,433
12/1/2020,20,481
12/1/2020,21,583
12/1/2020,22,460
12/1/2020,23,544
12/1/2020,24,455
12/1/2020,25,559
12/1/2020,26,559
12/1/2020,27,600
12/1/2020,28,442
12/1/2020,29,543
12/1/2020,30,446
12/1/2020,31,461
12/1/2020,32,559
12/1/2020,33,426
12/1/2020,34,453
12/1/2020,35,514
12/1/2020,36,526
12/1/2020,37,505
12/1/2020,38,535
12/1/2020,39,526
12/1/2020,40,529
12/1/2020,41,549
12/1/2020,42,584
12/1/2020,43,521
12/1/2020,44,537
12/1/2020,45,534
12/1/2020,46,402
12/1/2020,47,440
12/1/2020,48,450
12/1/2020,49,558
12/1/2020,50,553
12/1/2020,51,585
12/1/2020,52,477
12/1/2020,53,556
12/1/2020,54,516
12/1/2020,55,487
12/1/2020,56,596
12/1/2020,57,490
12/1/2020,58,446
12/1/2020,59,536
12/1/2020,60,557
12/1/2020,61,535
12/1/2020,62,598
12/1/2020,63,518
12/1/2020,64,513
12/1/2020,65,584
12/1/2020,66,459
1/1/2021,1,534
1/1/2021,2,633
1/1/2021,3,555
1/1/2021,4,638
1/1/2021,5,517
1/1/2021,6,560
1/1/2021,7,535
1/1/2021,8,528
1/1/2021,9,605
1/1/2021,10,588
1/1/2021,11,520
1/1/2021,12,621
1/1/2021,13,526
1/1/2021,14,551
1/1/2021,15,537
1/1/2021,16,576
1/1/2021,17,503
1/1/2021,18,593
1/1/2021,19,508
1/1/2021,20,631
1/1/2021,21,603
1/1/2021,22,597
1/1/2021,23,585
1/1/2021,24,514
1/1/2021,25,548
1/1/2021,26,647
1/1/2021,27,597
1/1/2021,28,604
1/1/2021,29,602
1/1/2021,30,567
1/1/2021,31,500
1/1/2021,32,579
1/1/2021,33,614
1/1/2021,34,563
1/1/2021,35,598
1/1/2021,36,501
1/1/2021,37,544
1/1/2021,38,589
1/1/2021,39,529
1/1/2021,40,519
1/1/2021,41,621
1/1/2021,42,649
1/1/2021,43,599
1/1/2021,44,542
1/1/2021,45,545
1/1/2021,46,504
1/1/2021,47,500
1/1/2021,48,518
1/1/2021,49,634
1/1/2021,50,583
1/1/2021,51,556
1/1/2021,52,550
1/1/2021,53,584
1/1/2021,54,524
1/1/2021,55,591
1/1/2021,56,540
1/1/2021,57,648
1/1/2021,58,511
1/1/2021,59,617
1/1/2021,60,572
1/1/2021,61,556
1/1/2021,62,561
1/1/2021,63,618
1/1/2021,64,514
1/1/2021,65,503
1/1/2021,66,640
2/1/2021,1,642
2/1/2021,2,621
2/1/2021,3,614
2/1/2021,4,545
2/1/2021,5,578
2/1/2021,6,584
2/1/2021,7,507
2/1/2021,8,535
2/1/2021,9,587
2/1/2021,10,643
2/1/2021,11,593
2/1/2021,12,615
2/1/2021,13,566
2/1/2021,14,602
2/1/2021,15,537
2/1/2021,16,513
2/1/2021,17,642
2/1/2021,18,544
2/1/2021,19,509
2/1/2021,20,600
2/1/2021,21,648
2/1/2021,22,523
2/1/2021,23,590
2/1/2021,24,599
2/1/2021,25,616
2/1/2021,26,633
2/1/2021,27,604
2/1/2021,28,628
2/1/2021,29,505
2/1/2021,30,573
2/1/2021,31,551
2/1/2021,32,626
2/1/2021,33,595
2/1/2021,34,620
2/1/2021,35,555
2/1/2021,36,519
2/1/2021,37,503
2/1/2021,38,623
2/1/2021,39,592
2/1/2021,40,513
2/1/2021,41,545
2/1/2021,42,522
2/1/2021,43,532
2/1/2021,44,558
2/1/2021,45,523
2/1/2021,46,628
2/1/2021,47,600
2/1/2021,48,526
2/1/2021,49,579
2/1/2021,50,546
2/1/2021,51,603
2/1/2021,52,525
2/1/2021,53,571
2/1/2021,54,501
2/1/2021,55,601
2/1/2021,56,522
2/1/2021,57,569
2/1/2021,58,610
2/1/2021,59,570
2/1/2021,60,598
2/1/2021,61,637
2/1/2021,62,574
2/1/2021,63,547
2/1/2021,64,523
2/1/2021,65,615
2/1/2021,66,584
3/1/2021,1,603
3/1/2021,2,595
3/1/2021,3,535
3/1/2021,4,594
3/1/2021,5,528
3/1/2021,6,543
3/1/2021,7,526
3/1/2021,8,610
3/1/2021,9,597
3/1/2021,10,593
3/1/2021,11,628
3/1/2021,12,614
3/1/2021,13,635
3/1/2021,14,587
3/1/2021,15,543
3/1/2021,16,596
3/1/2021,17,620
3/1/2021,18,619
3/1/2021,19,570
3/1/2021,20,597
3/1/2021,21,551
3/1/2021,22,620
3/1/2021,23,531
3/1/2021,24,512
3/1/2021,25,516
3/1/2021,26,560
3/1/2021,27,512
3/1/2021,28,526
3/1/2021,29,647
3/1/2021,30,569
3/1/2021,31,555
3/1/2021,32,526
3/1/2021,33,505
3/1/2021,34,573
3/1/2021,35,527
3/1/2021,36,527
3/1/2021,37,555
3/1/2021,38,533
3/1/2021,39,571
3/1/2021,40,576
3/1/2021,41,502
3/1/2021,42,549
3/1/2021,43,647
3/1/2021,44,532
3/1/2021,45,634
3/1/2021,46,604
3/1/2021,47,550
3/1/2021,48,650
3/1/2021,49,609
3/1/2021,50,522
3/1/2021,51,584
3/1/2021,52,568
3/1/2021,53,522
3/1/2021,54,589
3/1/2021,55,612
3/1/2021,56,512
3/1/2021,57,638
3/1/2021,58,646
3/1/2021,59,629
3/1/2021,60,515
3/1/2021,61,620
3/1/2021,62,597
3/1/2021,63,520
3/1/2021,64,545
3/1/2021,65,621
3/1/2021,66,609
